,0,1,2,3,4,5,6,7,8,9,10,11,12,13,14,15,16,17,18,19,20,21,22,23,24,25,26,27,28,29,30,31,32,33,34,35,36,37,38,39,40,41,42,43,44,45,46,47,48,49,50,51,52,53,54,55,56,57,58,59,60,61,62,63,64,65,66,67,68,69,70,71,72,73,74,75,76,77,78,79,80,81,82,83,84,85,86,87,88,89,90,91,92,93,94,95,96,97,98,99,100,sum,mean
baseline,10.475424554968,8.709750512564414,5.897963918481377,4.329336873361725,3.8433809542926776,3.2574873348973434,2.9341723422497403,2.699828331790199,2.2030363122546217,1.6966986545714633,2.048636381271533,1.9466662812601427,1.826575619631923,1.5627589731474663,1.2789940681519327,1.1550471839360208,3.089035831017811,2.4195901465868874,1.9848562837307773,1.871706707088744,1.484936632863623,1.3869233401794772,1.1006914893854771,0.9946195394220001,0.9702819665209882,0.8655855952419773,0.8426603017987218,0.8051853123410785,0.7604415712567447,0.717995873283533,0.6863855339962781,5.019744873646456,3.961024271558744,3.2590787329783657,2.8971369501674764,2.5227949539471215,2.0888082110431663,1.7174953876480012,1.494921815573821,1.3229360433564905,1.2788500045704667,1.11701361352979,1.0532031364105459,0.9361775501359533,0.8845362563279527,0.8306118695052886,7.200405298361724,5.6956778813654,4.806048264094366,4.250343802674224,3.687279588235756,3.0789256602630766,2.5880154196676353,2.2377666016820346,1.9498606799855542,1.879484413480024,1.5247055150258535,1.4081113657117763,1.1843244381125433,1.0948888463042112,1.0253643302917022,9.553295284746314,7.290135556142278,6.345308339901467,5.642204522137755,4.77229276955128,3.862731651861312,3.162462676186202,2.6837439839208113,2.3157542791257675,1.9775213725470664,1.899047183421023,1.5514541841672884,1.475222141421854,1.2733713997147003,1.1448531437357563,7.586866537590156,5.98068751433299,4.950803938660831,4.389837036990844,3.735949834818744,3.0869735069659234,2.5899435690969352,2.2236688273517538,1.9493554246938336,1.6847400479216108,1.593498896351334,1.2808477177816882,1.193814181245556,1.0290466460920777,0.9522348882915787,0.9954517158362882,0.9386591749034116,0.8752643729342443,0.8523820357935455,0.8372673377407432,0.8920130222677353,0.9260148419185117,0.9477073628116889,0.9585379181181994,0.9641974041093451,258.2073524404007,2.5565084400039675
baselinepoints,10.475424554968,8.709750512564414,5.897963918481377,4.329336873361725,3.0677545884476447,3.14297055447748,3.108126473275691,2.5595944952756207,1.9769955350015889,1.5275857514116424,1.3345659485422432,1.2105580595191323,1.1113693714173662,1.0013637511183333,0.8854115355741112,1.1664450174156211,3.013405672009211,2.2634781671213,1.7205081315752122,1.4538617190034226,1.2280552936606004,1.1010189292665546,1.0037652793375003,1.2300136357709093,1.0447606428939211,0.8161558674866767,0.9262527949807446,0.9609623914797001,0.981116554065168,0.9995960146564123,0.8588937941237328,5.644533182610541,4.477168325871157,3.006146764471968,2.5685230417089673,2.1554589512104445,1.951350460215977,1.6306249634638883,1.302152372701066,1.092786849500711,0.9475585531843775,1.269786428407221,1.130725094939746,0.9005097668867114,0.9837158268442789,1.034717218201778,7.9479047146607105,5.737189860054834,4.359151341881901,3.8311866079091876,3.105812681736244,2.6775650901938652,2.2302695961157877,1.8501282537762123,1.504261997893388,1.296905830122867,1.1924501057205659,1.0832615227034657,0.9848372929708992,1.2478854887094895,1.139232318443823,9.0964029931232,6.837144741661766,5.6141589171572015,4.808569312970367,4.071938561839422,3.4099560585189335,2.8550169782074213,2.4143246365443343,2.0315552932484544,1.7500244460151118,1.5341613547571866,1.3386603320733441,1.1667985412833763,1.0227131544178663,0.9069725035791676,7.078213312469755,5.733745657261978,4.649910805865968,4.1551080552318105,3.5271602589805653,2.8760918759720764,2.3414254382469335,1.9594465647703672,1.7081464692575448,1.5126966532317772,1.3217347934097776,1.1554356120874887,1.0104990977165906,0.8933432525493004,1.126130039679046,0.987893322496312,1.0445796096683995,0.8975836156092554,0.8916113159009329,0.9131596977835454,0.9352278185667555,0.9511162723806892,0.9602173070635334,0.9644837213014681,0.9658654812806218,240.81008620557478,2.3842582792631166
power1,10.475424554968004,9.105314235342743,6.361555555355979,4.3431122113402205,3.0966740092829266,3.225231604622242,3.102936382688735,2.4723822933484785,1.9149814514693602,1.5180004622191656,1.3470688158958122,1.2344231790390259,1.1306399659365653,1.0108496007034267,0.892048290018614,0.7908622610484073,2.4475143745036325,2.034164664709014,1.7305024368099333,1.5098624326224206,1.3211377675124338,1.1218242641343181,0.9406411970810604,0.8057243309661648,0.7193017545152866,0.6623903980001595,0.607235140532066,0.5529973225183747,0.5100758916565875,0.4821060730019672,0.46313808589509997,3.9631321588500397,3.282759579056213,2.7268972081586407,2.361637543128315,2.011597139228413,1.7131029775937203,1.4505457834717759,1.2447175939255593,1.09555858779962,0.9708730417480065,0.8558706550740477,0.7656075593780206,0.6959511562478132,0.6401313734603946,0.5941581884239004,6.217043657965107,4.622878980267533,3.8995467334487324,3.6055260900389796,3.0558410776380405,2.5387440184727734,2.100176601220173,1.7780926739791136,1.5424008995824934,1.353573681029553,1.179612389825734,1.0298303234121193,0.9095157278240057,0.8164557547697328,0.7486053437287997,8.182834869496201,6.206629600085307,5.093396136570854,4.4645553459613385,3.8591464431686844,3.1792182701449803,2.654064417021815,2.2882133632053194,2.0020072173119443,1.7414984644324851,1.486002129673867,1.2787443415170856,1.1171597467139274,0.9927811039020285,0.8995127546076138,6.316448707795499,4.7476211906789585,3.990175214013534,3.630823117728387,3.1033064826493315,2.5931788936299127,2.2010763904858526,1.8521971719332062,1.5827495438438792,1.3824910235841916,1.2228462210033872,1.0817105589819918,0.9570589812960809,0.8538921019222059,0.7719109531753731,0.7053268002647476,0.6554404962022792,0.6095595199634336,0.5662762215291082,0.5256882530459942,0.4913996038938672,0.46242103984207433,0.4381353847459934,0.4181384118589198,0.4014423397952612,214.70758433416253,2.1258176666748767
power2,10.475424554968004,7.939502433164013,4.474986278357666,2.521427471957947,2.1222034945494346,1.7658546636097483,1.46047279467072,1.0253781738605183,0.7093670637724259,0.631640874660079,0.5741614325277785,0.4983102130931736,0.44001117944256646,0.4005905931104612,0.37006655848905345,0.3472129328363939,1.8353421179751592,1.2449822723505268,0.9662805220260201,0.7829982493214208,0.6619658763579196,0.5723730463684196,0.5044894205426795,0.456500812018839,0.4150623121707729,0.38456991306149413,0.36436913393804626,0.3501796285841209,0.3394203411313986,0.33109044263973336,0.32454134283431274,3.5007426668484865,2.488777210070565,1.8701663820077727,1.4291255715407725,1.1250724874792866,0.9111388000010531,0.7481873746270258,0.6316817132486601,0.5478482280241063,0.48608727808900104,0.43805830576737276,0.40191084278364003,0.3758467891830065,0.3574991084731877,0.3438615941079405,4.99987659681812,3.5242236190008653,2.6131042047779807,1.9424735198956995,1.4594433373168798,1.1584179154219791,0.9444451689077401,0.7817359830892258,0.6537598504118809,0.5596742229778939,0.49134617021955335,0.44100648776267376,0.4050440637507682,0.377922052185815,0.357845029647487,6.4218610152430875,4.427904487674942,3.336565493702566,2.450594649884747,1.8571256840992665,1.4594755937170603,1.1446070735551876,0.9244460216318662,0.7534243059988815,0.631042147245293,0.5418968580236125,0.4767904247765912,0.4297495498988733,0.39715370891058277,0.37371709007171366,4.8507947224151,3.4382479102578145,2.5850949574412594,1.9310536533399125,1.4390050486728792,1.150779929438914,0.929147699960599,0.7729916981588403,0.6535865699491533,0.565317818023081,0.49389415683492593,0.4408670387376887,0.4034585694992392,0.37748256655175394,0.35867409812281326,0.3449096727186197,0.33426777072745323,0.32592633263097165,0.31968142646284764,0.31511281824309284,0.31177836502249456,0.3093149749596454,0.3074759101058945,0.3061156137005668,0.3051317206476867,130.8535638658848,1.2955798402562853
power3,10.475424554968004,7.142442883135758,3.4928559759452256,1.7690722462706991,1.5313301858511863,1.0746891782655401,0.7266797648641268,0.5642175167100935,0.4629037450471941,0.4146323678105536,0.37448624122201435,0.33790122605752043,0.3253202498440729,0.31893759557901263,0.31086085108458644,0.3062362659912731,2.0658582548301605,1.3352829772239005,0.8509704787155603,0.5889580764213274,0.4605622675708792,0.39992565615596004,0.3668118284810262,0.3445382518816274,0.3286086620349072,0.3174111557891455,0.31033766679223995,0.3059387838967789,0.3032490187836397,0.30143860641866715,0.3001527685356521,3.1310582353033793,1.8893277513868791,1.2882052332992415,0.8869750953665332,0.6663890093254679,0.5407248587371872,0.4560969898339612,0.40282247808269983,0.36839538934561916,0.3444012018628863,0.3278753957126933,0.3169786588921331,0.31025522588745436,0.3059922855464455,0.30310521703340165,4.343748811865188,2.72889370422754,1.7537976457974267,1.1788638867964418,0.8559681701388722,0.6746692994038795,0.5492782767674924,0.4657773931150596,0.41012669380527506,0.3722920496217455,0.3456558972695324,0.32869149429862055,0.3180377918093659,0.31104208946066053,0.3063334430227201,5.456390624368055,3.320218385206054,2.135674859903139,1.437889165190658,1.0218191526432476,0.7817376603045858,0.6154205391504405,0.5079664639735744,0.4373027860813731,0.38979538287934,0.3575045490005929,0.33656017513296016,0.323253077723021,0.31441557717298757,0.308518322567888,4.22409459618506,2.60298258584284,1.6877719723787072,1.1520646176523344,0.8344063379299271,0.6579485671520193,0.5361402006313198,0.4546612799171195,0.4007504696415921,0.3655243447846871,0.3420269519769391,0.3267584083168193,0.31676253357752654,0.3100459871694137,0.30565615329413354,0.3027583439995472,0.3008551915247509,0.2995568382891596,0.29871550370559324,0.29822339722839314,0.2979393905917334,0.2977423016753273,0.2975803388727139,0.29746298333991256,0.29739093941544137,99.94010193158506,0.989505959718664
dqn_15,10.475424554968004,7.142442883135758,3.4928559759452256,1.7690722462706991,1.7734309075541206,1.4201859115449276,1.0754830848818462,0.8408785330912536,0.6411531371564673,0.7980149500312602,0.8629786280690784,0.8811789983437743,0.8861452894825007,0.8913511460382537,0.8958095884662882,0.8973602210419339,2.9526632847685885,2.440752250404067,1.700000453162554,1.1272894288393942,1.1263168399508794,0.8267230986772073,1.0052735240372135,1.0471312287386805,1.0582951467615933,0.9267838722504005,0.9119569595942001,0.8869625914251472,0.8758153124927077,0.8781890816499592,0.8820787815727992,5.338918932211025,4.523512257157521,3.3301423330091384,2.8491329032370873,2.738530209571394,2.576518464962186,2.3905547647467458,2.1699109071955593,1.9074671001234398,1.4585152624903126,1.1937962908364463,0.9161991832022736,1.0688343180054332,1.0483507574300746,0.9247071293240339,7.041961515219234,5.676106836822758,4.083337098817001,3.4516470383656146,3.0563381062593935,2.5876925568703726,2.318313577534933,1.861445174054306,1.4452587658386336,1.00544110601984,0.9494538775990459,0.9822691658736422,1.0798600611427924,0.887383684677027,0.902292773105367,9.922523387370159,8.554314442856453,6.966504001704391,4.37332361968932,2.5027364979944324,1.928120300893373,1.2827468878672799,0.974614845390453,0.8143725370986193,0.7443528751460259,0.8885869634446725,0.9147962280386859,0.9175400880494067,0.9168270294301867,0.9152539265109074,7.358028214379615,6.339436039343354,5.181379000441581,4.625810759218646,4.012517420349039,3.3925277252447805,3.025896014131793,2.2807722256277336,1.423008378730139,1.084591829692673,0.9399613848569857,0.8723574799080197,1.0566407003366194,0.8884636466614595,0.9380609199947325,0.9519605818255518,0.9523599996094466,0.9509332598380069,0.9477870304667662,0.9445353109911078,0.9414847267015546,0.9390315540098001,0.9371497119928198,0.9356639833763424,0.9344923825935477,220.6253539738559,2.184409445285702
pid,10.475424554968,6.686788625506754,5.0287305226499335,4.147624996089499,2.364250358930436,1.600511960105767,1.806154422094478,1.7992507257271224,1.562783371994554,1.2724348488260548,1.1333906305792678,0.996316206984122,0.8302010816162545,0.7201040847876199,0.7311896662097676,0.735361774815688,2.5228825404104875,2.1033479761859777,1.6566113640197324,1.4802445004777571,1.309060647744469,1.101174399518632,0.9196903310941893,0.8090158366029345,0.7594402777485235,0.8342218627760221,0.9017070873901107,0.9200357474565111,0.9314601076017873,0.9392814166254451,0.9434586061652905,5.472532205724835,4.169721045365077,2.9328687110958445,2.2749740406307106,1.5854944229021442,1.2342140129442443,1.090911718183823,0.989009337618966,0.9333794216474769,0.8983118152058888,0.8263034415689098,0.8529487084214445,0.8319047235536219,0.9185746578684465,0.9539099725593098,7.903238959059487,5.224190702837792,4.815710802666756,4.002390877505133,2.5618200752171436,1.9638734017352126,1.7432800426646002,1.7165241185036533,1.504734984038232,1.3359832732500325,1.1852614227154001,1.037700768961533,0.8972353386614765,0.7857844326542336,0.7408398227201,8.982381101246855,6.6855242417511125,4.569537960459109,2.847754389655357,2.067823540134178,1.7612494360456996,1.625729539249833,1.431977219299934,1.2223599415681774,1.026803472711955,0.9095363036676771,0.8235749779464688,0.7437199698510679,0.8634052821994784,0.8936862247377341,7.773188965479155,4.857109577789755,3.7116289565489984,2.4788338063054565,1.7102496211097775,1.4565080474035659,1.3140105247480998,1.1782635475254877,1.053550214236644,0.9146078140839459,0.8169671723123559,0.7848136316817771,0.7992657960504204,0.8808705422299544,0.9059470282212116,0.9133316234046194,0.915014411357132,0.9145694161272888,0.9135428045882227,0.9121687754156204,0.9106831781427994,0.9093834071781212,0.9083909076120449,0.907765643877589,0.9075171474746766,199.60902395361404,1.9763269698377628
pid_m,10.475424554968,6.686788625506754,3.255378876987867,2.1913554552187424,2.3084101571237565,2.1888138059057436,2.056003129160866,1.5893431473754904,1.299492338784666,1.0223943194345781,0.8899593747603132,1.1733737064603327,1.1565401638215558,0.9980009365825661,0.7734473553460899,0.8725809965205344,2.9997063038590204,2.376343284636111,1.9059710537249015,1.5742209893558337,1.316960576993478,1.0990578926936996,1.0164022940212791,0.9249563324436786,1.1479166623729213,0.948822446646389,1.0348968429641912,0.8321561227998886,0.8756616895470096,0.9012434513668768,0.9215336306906671,5.388013818041422,4.087056939515133,2.617035990206911,2.2894201813777553,1.9182679600397097,1.4968063414073316,1.2843338886551787,1.2074299453685668,1.0887386388147786,0.9308398572132544,1.1676157645683878,0.9966567184721676,0.7875693109535243,0.8810614862981786,0.9234512771241756,7.945697545895744,5.244762333169621,2.884322069175188,2.0225931702772675,1.8990339517137196,1.6890580774823678,1.4859543111177453,1.2913732326947107,1.1127937651896542,0.9622152436160315,1.1056085958697908,0.9757956920157346,0.8017804681182249,0.8487947167753115,0.8734261023767362,10.162707612164853,6.391076654047813,3.5972402431501442,2.8183948996814445,2.606022625739101,2.3143520996173996,1.9780594964071563,1.6903364260016123,1.4431164977884672,1.23625440329249,1.0711273153252872,0.9353442919805006,1.0721527578695,0.9492163615561774,0.9940883603721326,7.6274310542004,4.854770513062499,2.73619924770479,2.0859094290669233,1.9434817680751892,1.7626897084729336,1.5415745178948324,1.3505387890359215,1.1722867278145879,1.0197319122823008,0.8840834434406122,1.0109006267157337,1.0537220325440435,0.8884202804198011,0.9137857413430797,0.9232032763240439,0.9307226424207992,0.9344844749223782,0.934678678589091,0.9328835299640564,0.9289000086019664,0.9247580306996875,0.9220026810400452,0.9212171489734425,0.9216552117715887,196.40018543199295,1.9445562914058707
6points,10.475424554968,7.825924269579265,3.8490716243812635,4.117635336166383,3.186679374256135,2.5607354416945185,2.210880994362116,1.798508499862051,1.6135130873486503,1.4623474649480503,1.3386141310833974,1.212415320957002,1.1075621987659154,1.0070249279452999,0.8993970133619863,0.8082868190264657,2.7801293625289154,1.6786691158790508,1.4151691125582329,1.2952477119977484,1.1025522151517972,0.9647211975957172,0.8639696718322973,0.7850867066979509,0.7229223795949835,0.6732926054966187,0.6288727542319492,0.5929568079595183,0.5554343269402011,0.5132558600546998,0.478863286955485,4.223333361607335,2.6441855382862998,2.2080570401152486,1.867515905523265,1.592692255442132,1.4117641539206158,1.2462611951376015,1.0917861968342173,0.9584592321194023,0.8444246777908333,0.7506268691345497,0.6751822426154526,0.6155613540809313,0.5672471931249335,0.5281592272768817,6.299240477942099,3.964790387042432,3.64580520810395,3.191239978460031,2.098227215546815,1.7890104739592314,1.4874144949355153,1.2573595506291173,1.1223737610121158,0.9914072314598137,0.864024022006299,0.7709040404607362,0.700621262602418,0.6410580240265666,0.5886016886057858,8.81961727676188,5.625345628475549,3.90278054233285,3.4005682934777988,2.7686886997175826,2.1585159566287673,1.7917848607814169,1.5374968936261826,1.3220060211245983,1.1535731786370842,1.0169805099927156,0.9036417397414654,0.8092977007336172,0.7197008564130686,0.6432555691176679,6.1570852456454,3.804093778187216,3.5709820387491185,3.158641613106184,2.496367740736351,2.0157345503066986,1.6053589567811823,1.3657006461169512,1.2313844828663842,1.0716555675171513,0.933444299903749,0.8415179035716337,0.7581694994151995,0.6788996374500016,0.6114991156905655,0.5682905889504184,0.5343682231701005,0.5021291968771694,0.5762356267651327,0.5032924284953969,0.4980346774113495,0.21601045847963363,0.11019414034123425,0.06563044961704989,0.06665989405716743,181.677132921755,1.798783494274802
9points,12.080930445448956,8.286586740316244,5.854209778249757,3.883297307566511,2.4509857982034884,1.8608388730568879,1.2905750298327787,0.9319025215935236,0.7687157446530775,0.6362053497541211,0.6272504694171457,0.5931867780790773,0.5566953305031335,0.5144551386802658,0.46705220667844494,0.43085841791478746,2.173755793628346,1.354608784206287,1.0884369014818576,0.8501003590836018,0.7662183466267783,0.7241766729144001,0.642151839512866,0.606350519097866,0.594070279983731,0.5661243677791004,0.5214400361700547,0.4777151771489996,0.4450063623026455,0.41383539243555606,0.39736879752900084,3.896422873725522,2.3964583618694664,1.9978210241113885,1.21045813628638,0.8563396345995113,0.832808659437135,0.8131249761127898,0.7894644292698764,0.7217678045105203,0.6520299166455649,0.5766703414862191,0.5116185903089226,0.4724513668455883,0.44123062416884473,0.4270134815090556,5.60573208382241,3.2719459594901346,2.682435578056399,1.9859548430680205,1.5929381807054652,1.172149128987889,0.8315650984567213,0.8055912168181547,0.6896990816253769,0.6476312549700319,0.5886316934249791,0.5407216500887336,0.49559466995893486,0.4569634892684565,0.42968458922953245,7.404199272989441,4.4458414153927635,3.3895718588897443,2.449624782464924,2.01303134013311,1.405569287183344,1.0584079943392457,0.9922548543459678,0.8197703239923995,0.78844158633061,0.7317538644091547,0.673370277419591,0.6205557296368451,0.5640651953201099,0.5200427739946226,5.488855836057069,3.4571562981142225,2.6385644141038096,1.8808581309856776,1.3069256125718676,0.8720209596755863,0.8191197789194228,0.8341463039706435,0.7959003284035214,0.7441454483299128,0.6932396102876118,0.6395964748723438,0.5887539961995318,0.5438795276337669,0.5051535897633662,0.47776389715386436,0.4525583472482779,0.42867708896384316,0.4077184304796451,0.3901704250862892,0.37586207020056545,0.36471009739092214,0.35563908877564404,0.34821180152173287,0.341765970125401,144.8759183823837,1.4344150334889476
15points,10.475424554968004,7.392360551216681,3.5459875346892273,1.8030167778299746,1.7350539630365949,1.4852209636764049,1.2392765862444197,1.200060110180713,1.1540255592125264,1.0759586974097342,0.9991954868580716,0.9445097241007384,0.8807462074281868,0.8296576839596536,0.7896902016658401,0.754354921505867,2.203752154689873,1.62071056288258,1.4486050595336337,1.5005974575739733,1.2261768111642803,1.1320765672932727,1.0544625585203729,1.024033351659486,0.9817200097742723,0.9486108908811672,0.9174583472739865,0.8930925607676793,0.8669004875561787,0.8376228144323993,0.8069650739841795,3.8369665786642795,2.64651541414686,2.0397324215552737,1.555150718887499,1.1607876300585735,0.9469291342695414,1.0182710200102671,0.9899916972888135,0.9646226228919209,0.90210580631804,0.8619543711715726,0.8234559692049994,0.7814171147300205,0.7524284505306331,0.7278993283161469,5.378107562000527,3.5801724338555223,2.8226336390540485,2.030268480519001,1.4400411714431853,1.485589059390261,1.378506781511355,1.3704706825364936,1.271046581436274,1.2065967196833591,1.1428991587778659,1.0768171521370737,1.0218070061452673,0.9721557332265599,0.9311834873720731,7.137950415533135,4.7539560967058865,3.5607227687918,2.274762724558187,1.8713003123925531,1.785600077123166,1.2509368081835788,1.488450187207053,1.425251541624072,1.317815721684454,1.2759423337742608,1.2353028268777522,1.2193057879252456,1.163294883203332,1.1022057806931391,5.809678121103726,3.8499538652141663,2.6136237548078003,2.2233722213003997,1.8200050524745246,1.4350047635849534,1.0340921305989865,1.032161229581053,0.9988673881869867,0.9795081391800082,0.9774635023599596,0.9248260726027216,0.8553026942155744,0.8012382093168076,0.7588569723767326,0.7235451403935333,0.6999245697181128,0.6853172453976067,0.6745849637617203,0.6612428229148393,0.6445563344275603,0.6236471434881319,0.6003817363411329,0.5775481044300397,0.5576462873635587,166.30899489052155,1.6466237117873421
baseline,0.0025,0.014999999999999998,0.014999999999999998,0.014999999999999998,0.010833333333333334,0.014999999999999998,0.014999999999999998,0.010833333333333334,0.014999999999999998,0.014999999999999998,0.006666666666666667,0.014999999999999998,0.010833333333333334,0.014999999999999998,0.014999999999999998,0.010833333333333334,0.014999999999999998,0.014999999999999998,0.014999999999999998,0.010833333333333334,0.014999999999999998,0.010833333333333334,0.014999999999999998,0.010833333333333334,0.010833333333333334,0.014999999999999998,0.010833333333333334,0.010833333333333334,0.010833333333333334,0.010833333333333334,0.010833333333333334,0.010833333333333334,0.014999999999999998,0.014999999999999998,0.014999999999999998,0.014999999999999998,0.014999999999999998,0.014999999999999998,0.014999999999999998,0.014999999999999998,0.010833333333333334,0.014999999999999998,0.010833333333333334,0.014999999999999998,0.010833333333333334,0.010833333333333334,0.010833333333333334,0.014999999999999998,0.014999999999999998,0.014999999999999998,0.014999999999999998,0.014999999999999998,0.014999999999999998,0.014999999999999998,0.014999999999999998,0.010833333333333334,0.014999999999999998,0.010833333333333334,0.014999999999999998,0.010833333333333334,0.010833333333333334,0.014999999999999998,0.014999999999999998,0.014999999999999998,0.014999999999999998,0.014999999999999998,0.014999999999999998,0.014999999999999998,0.014999999999999998,0.014999999999999998,0.014999999999999998,0.010833333333333334,0.014999999999999998,0.010833333333333334,0.014999999999999998,0.010833333333333334,0.010833333333333334,0.014999999999999998,0.014999999999999998,0.014999999999999998,0.014999999999999998,0.014999999999999998,0.014999999999999998,0.014999999999999998,0.014999999999999998,0.014999999999999998,0.010833333333333334,0.014999999999999998,0.010833333333333334,0.014999999999999998,0.010833333333333334,0.006666666666666667,0.010833333333333334,0.010833333333333334,0.006666666666666667,0.006666666666666667,0.0025,0.0025,0.0025,0.0025,0.0025,1.2733333333333328,0.012607260726072602
baselinepoints,0.0025,0.014999999999999998,0.014999999999999998,0.014999999999999998,0.014999999999999998,0.014999999999999998,0.014999999999999998,0.014999999999999998,0.014999999999999998,0.014999999999999998,0.014999999999999998,0.014999999999999998,0.014999999999999998,0.014999999999999998,0.014999999999999998,0.0025,0.014999999999999998,0.014999999999999998,0.014999999999999998,0.014999999999999998,0.014999999999999998,0.014999999999999998,0.014999999999999998,0.0025,0.014999999999999998,0.014999999999999998,0.0025,0.0025,0.0025,0.0025,0.014999999999999998,0.0025,0.014999999999999998,0.014999999999999998,0.014999999999999998,0.014999999999999998,0.014999999999999998,0.014999999999999998,0.014999999999999998,0.014999999999999998,0.014999999999999998,0.0025,0.014999999999999998,0.014999999999999998,0.0025,0.0025,0.014999999999999998,0.014999999999999998,0.014999999999999998,0.014999999999999998,0.014999999999999998,0.014999999999999998,0.014999999999999998,0.014999999999999998,0.014999999999999998,0.014999999999999998,0.014999999999999998,0.014999999999999998,0.014999999999999998,0.0025,0.014999999999999998,0.014999999999999998,0.014999999999999998,0.014999999999999998,0.014999999999999998,0.014999999999999998,0.014999999999999998,0.014999999999999998,0.014999999999999998,0.014999999999999998,0.014999999999999998,0.014999999999999998,0.014999999999999998,0.014999999999999998,0.014999999999999998,0.014999999999999998,0.0025,0.014999999999999998,0.014999999999999998,0.014999999999999998,0.014999999999999998,0.014999999999999998,0.014999999999999998,0.014999999999999998,0.014999999999999998,0.014999999999999998,0.014999999999999998,0.014999999999999998,0.014999999999999998,0.014999999999999998,0.0025,0.014999999999999998,0.0025,0.014999999999999998,0.0025,0.0025,0.0025,0.0025,0.0025,0.0025,0.0025,1.2399999999999993,0.01227722772277227
power1,0.0025,0.014999999999999998,0.014999999999999998,0.014999999999999998,0.014999999999999998,0.014999999999999998,0.014999999999999998,0.014999999999999998,0.014999999999999998,0.014999999999999998,0.014999999999999998,0.014999999999999998,0.014999999999999998,0.014999999999999998,0.014999999999999998,0.014999999999999998,0.014999999999999998,0.014999999999999998,0.014999999999999998,0.014999999999999998,0.014999999999999998,0.014999999999999998,0.014999999999999998,0.014999999999999998,0.014999999999999998,0.014999999999999998,0.014999999999999998,0.014999999999999998,0.014999999999999998,0.014999999999999998,0.014999999999999998,0.014999999999999998,0.014999999999999998,0.014999999999999998,0.014999999999999998,0.014999999999999998,0.014999999999999998,0.014999999999999998,0.014999999999999998,0.014999999999999998,0.014999999999999998,0.014999999999999998,0.014999999999999998,0.014999999999999998,0.014999999999999998,0.014999999999999998,0.014999999999999998,0.014999999999999998,0.014999999999999998,0.014999999999999998,0.014999999999999998,0.014999999999999998,0.014999999999999998,0.014999999999999998,0.014999999999999998,0.014999999999999998,0.014999999999999998,0.014999999999999998,0.014999999999999998,0.014999999999999998,0.014999999999999998,0.014999999999999998,0.014999999999999998,0.014999999999999998,0.014999999999999998,0.014999999999999998,0.014999999999999998,0.014999999999999998,0.014999999999999998,0.014999999999999998,0.014999999999999998,0.014999999999999998,0.014999999999999998,0.014999999999999998,0.014999999999999998,0.014999999999999998,0.014999999999999998,0.014999999999999998,0.014999999999999998,0.014999999999999998,0.014999999999999998,0.014999999999999998,0.014999999999999998,0.014999999999999998,0.014999999999999998,0.014999999999999998,0.014999999999999998,0.014999999999999998,0.014999999999999998,0.014999999999999998,0.014999999999999998,0.014999999999999998,0.014999999999999998,0.014999999999999998,0.014999999999999998,0.014999999999999998,0.014999999999999998,0.014999999999999998,0.014999999999999998,0.014999999999999998,0.014999999999999998,1.502499999999999,0.014876237623762367
power2,0.0025,0.0275,0.0275,0.0275,0.0275,0.0275,0.0275,0.0275,0.0275,0.0275,0.0275,0.0275,0.0275,0.0275,0.0275,0.0275,0.0275,0.0275,0.0275,0.0275,0.0275,0.0275,0.0275,0.0275,0.0275,0.0275,0.0275,0.0275,0.0275,0.0275,0.0275,0.0275,0.0275,0.0275,0.0275,0.0275,0.0275,0.0275,0.0275,0.0275,0.0275,0.0275,0.0275,0.0275,0.0275,0.0275,0.0275,0.0275,0.0275,0.0275,0.0275,0.0275,0.0275,0.0275,0.0275,0.0275,0.0275,0.0275,0.0275,0.0275,0.0275,0.0275,0.0275,0.0275,0.0275,0.0275,0.0275,0.0275,0.0275,0.0275,0.0275,0.0275,0.0275,0.0275,0.0275,0.0275,0.0275,0.0275,0.0275,0.0275,0.0275,0.0275,0.0275,0.0275,0.0275,0.0275,0.0275,0.0275,0.0275,0.0275,0.0275,0.0275,0.0275,0.0275,0.0275,0.0275,0.0275,0.0275,0.0275,0.0275,0.0275,2.7524999999999995,0.02725247524752475
power3,0.0025,0.04,0.04,0.04,0.04,0.04,0.04,0.04,0.04,0.04,0.04,0.04,0.04,0.04,0.04,0.04,0.04,0.04,0.04,0.04,0.04,0.04,0.04,0.04,0.04,0.04,0.04,0.04,0.04,0.04,0.04,0.04,0.04,0.04,0.04,0.04,0.04,0.04,0.04,0.04,0.04,0.04,0.04,0.04,0.04,0.04,0.04,0.04,0.04,0.04,0.04,0.04,0.04,0.04,0.04,0.04,0.04,0.04,0.04,0.04,0.04,0.04,0.04,0.04,0.04,0.04,0.04,0.04,0.04,0.04,0.04,0.04,0.04,0.04,0.04,0.04,0.04,0.04,0.04,0.04,0.04,0.04,0.04,0.04,0.04,0.04,0.04,0.04,0.04,0.04,0.04,0.04,0.04,0.04,0.04,0.04,0.04,0.04,0.04,0.04,0.04,4.0024999999999995,0.03962871287128712
dqn_15,0.0025,0.04,0.04,0.04,0.0275,0.03166666666666667,0.03166666666666667,0.019166666666666665,0.019166666666666665,0.0025,0.0025,0.0025,0.0025,0.0025,0.0025,0.0025,0.0025,0.019166666666666665,0.03583333333333334,0.03166666666666667,0.0275,0.03166666666666667,0.0025,0.0025,0.0025,0.019166666666666665,0.0025,0.0025,0.0025,0.0025,0.0025,0.0025,0.023333333333333334,0.023333333333333334,0.023333333333333334,0.023333333333333334,0.023333333333333334,0.023333333333333334,0.023333333333333334,0.023333333333333334,0.023333333333333334,0.019166666666666665,0.019166666666666665,0.0025,0.006666666666666667,0.019166666666666665,0.0025,0.023333333333333334,0.023333333333333334,0.03166666666666667,0.023333333333333334,0.023333333333333334,0.023333333333333334,0.03166666666666667,0.03166666666666667,0.03583333333333334,0.023333333333333334,0.010833333333333334,0.0025,0.019166666666666665,0.0025,0.0025,0.023333333333333334,0.023333333333333334,0.04,0.04,0.03166666666666667,0.04,0.04,0.03166666666666667,0.023333333333333334,0.0025,0.0025,0.0025,0.0025,0.0025,0.0025,0.023333333333333334,0.023333333333333334,0.023333333333333334,0.023333333333333334,0.023333333333333334,0.023333333333333334,0.03166666666666667,0.03583333333333334,0.03166666666666667,0.03166666666666667,0.023333333333333334,0.0025,0.019166666666666665,0.0025,0.0025,0.0025,0.0025,0.0025,0.0025,0.0025,0.0025,0.0025,0.0025,0.0025,1.6983333333333333,0.016815181518151815
pid,0.0025,0.04,0.014999999999999998,0.019166666666666665,0.027499999999999997,0.03166666666666667,0.02333333333333333,0.014999999999999998,0.014999999999999998,0.014999999999999998,0.014999999999999998,0.014999999999999998,0.014999999999999998,0.014999999999999998,0.010833333333333334,0.010833333333333334,0.0066666666666666645,0.014999999999999998,0.019166666666666665,0.014999999999999998,0.014999999999999998,0.014999999999999998,0.014999999999999998,0.014999999999999998,0.014999999999999998,0.0066666666666666645,0.0025,0.0025,0.0025,0.0025,0.0025,0.0025,0.02333333333333333,0.014999999999999998,0.019166666666666665,0.023333333333333334,0.019166666666666665,0.014999999999999998,0.014999999999999998,0.014999999999999998,0.010833333333333334,0.010833333333333334,0.0066666666666666645,0.0066666666666666645,0.0025,0.0025,0.0025,0.04,0.014999999999999998,0.019166666666666665,0.027499999999999997,0.023333333333333334,0.023333333333333334,0.014999999999999998,0.014999999999999998,0.014999999999999998,0.014999999999999998,0.014999999999999998,0.014999999999999998,0.014999999999999998,0.010833333333333334,0.0025,0.03166666666666667,0.027499999999999997,0.03166666666666667,0.03583333333333334,0.02333333333333333,0.014999999999999998,0.014999999999999998,0.014999999999999998,0.014999999999999998,0.014999999999999998,0.014999999999999998,0.014999999999999998,0.0025,0.0025,0.0025,0.03166666666666667,0.019166666666666665,0.03166666666666667,0.03166666666666667,0.019166666666666665,0.014999999999999998,0.014999999999999998,0.014999999999999998,0.014999999999999998,0.014999999999999998,0.010833333333333334,0.0066666666666666645,0.0025,0.0025,0.0025,0.0025,0.0025,0.0025,0.0025,0.0025,0.0025,0.0025,0.0025,0.0025,1.4108333333333327,0.013968646864686463
pid_m,0.0025,0.04,0.04,0.0275,0.014999999999999998,0.014999999999999998,0.014999999999999998,0.014999999999999998,0.014999999999999998,0.014999999999999998,0.014999999999999998,0.0025,0.014999999999999998,0.014999999999999998,0.014999999999999998,0.0025,0.0025,0.014999999999999998,0.014999999999999998,0.014999999999999998,0.014999999999999998,0.014999999999999998,0.014999999999999998,0.014999999999999998,0.0025,0.014999999999999998,0.0025,0.014999999999999998,0.0025,0.0025,0.0025,0.0025,0.0275,0.0275,0.014999999999999998,0.014999999999999998,0.014999999999999998,0.014999999999999998,0.014999999999999998,0.014999999999999998,0.014999999999999998,0.0025,0.014999999999999998,0.014999999999999998,0.0025,0.0025,0.0025,0.04,0.04,0.0275,0.014999999999999998,0.014999999999999998,0.014999999999999998,0.014999999999999998,0.014999999999999998,0.014999999999999998,0.0025,0.014999999999999998,0.014999999999999998,0.0025,0.0025,0.0025,0.04,0.04,0.0275,0.014999999999999998,0.014999999999999998,0.014999999999999998,0.014999999999999998,0.014999999999999998,0.014999999999999998,0.014999999999999998,0.014999999999999998,0.0025,0.014999999999999998,0.0025,0.0025,0.04,0.04,0.0275,0.014999999999999998,0.014999999999999998,0.014999999999999998,0.014999999999999998,0.014999999999999998,0.014999999999999998,0.014999999999999998,0.0025,0.0025,0.014999999999999998,0.0025,0.0025,0.0025,0.0025,0.0025,0.0025,0.0025,0.0025,0.0025,0.0025,0.0025,1.3649999999999995,0.01351485148514851
6points,0.0025,0.04,0.04,0.014999999999999998,0.019166666666666665,0.014999999999999998,0.014999999999999998,0.014999999999999998,0.014999999999999998,0.014999999999999998,0.014999999999999998,0.014999999999999998,0.014999999999999998,0.014999999999999998,0.014999999999999998,0.014999999999999998,0.014999999999999998,0.03583333333333334,0.014999999999999998,0.014999999999999998,0.014999999999999998,0.014999999999999998,0.014999999999999998,0.014999999999999998,0.014999999999999998,0.014999999999999998,0.014999999999999998,0.014999999999999998,0.014999999999999998,0.014999999999999998,0.014999999999999998,0.014999999999999998,0.04,0.014999999999999998,0.014999999999999998,0.014999999999999998,0.014999999999999998,0.014999999999999998,0.014999999999999998,0.014999999999999998,0.014999999999999998,0.014999999999999998,0.014999999999999998,0.014999999999999998,0.014999999999999998,0.014999999999999998,0.014999999999999998,0.04,0.014999999999999998,0.014999999999999998,0.03583333333333334,0.014999999999999998,0.014999999999999998,0.014999999999999998,0.014999999999999998,0.014999999999999998,0.014999999999999998,0.014999999999999998,0.014999999999999998,0.014999999999999998,0.014999999999999998,0.014999999999999998,0.04,0.04,0.014999999999999998,0.014999999999999998,0.014999999999999998,0.014999999999999998,0.014999999999999998,0.014999999999999998,0.014999999999999998,0.014999999999999998,0.014999999999999998,0.014999999999999998,0.014999999999999998,0.014999999999999998,0.014999999999999998,0.04,0.014999999999999998,0.014999999999999998,0.014999999999999998,0.014999999999999998,0.014999999999999998,0.014999999999999998,0.014999999999999998,0.014999999999999998,0.014999999999999998,0.014999999999999998,0.014999999999999998,0.014999999999999998,0.014999999999999998,0.014999999999999998,0.014999999999999998,0.014999999999999998,0.014999999999999998,0.014999999999999998,0.014999999999999998,0.014999999999999998,0.014999999999999998,0.014999999999999998,0.014999999999999998,1.723333333333332,0.01706270627062705
9points,0.0025,0.03166666666666667,0.03166666666666667,0.03166666666666667,0.03166666666666667,0.03166666666666667,0.03166666666666667,0.0275,0.019166666666666665,0.019166666666666665,0.010833333333333334,0.010833333333333334,0.010833333333333334,0.010833333333333334,0.010833333333333334,0.010833333333333334,0.010833333333333334,0.03166666666666667,0.03166666666666667,0.03166666666666667,0.019166666666666665,0.010833333333333334,0.010833333333333334,0.010833333333333334,0.010833333333333334,0.010833333333333334,0.010833333333333334,0.010833333333333334,0.010833333333333334,0.010833333333333334,0.010833333333333334,0.010833333333333334,0.03166666666666667,0.03166666666666667,0.03166666666666667,0.03166666666666667,0.019166666666666665,0.010833333333333334,0.010833333333333334,0.010833333333333334,0.010833333333333334,0.010833333333333334,0.010833333333333334,0.010833333333333334,0.010833333333333334,0.010833333333333334,0.010833333333333334,0.03166666666666667,0.0275,0.03166666666666667,0.0275,0.03166666666666667,0.03166666666666667,0.019166666666666665,0.019166666666666665,0.010833333333333334,0.010833333333333334,0.010833333333333334,0.010833333333333334,0.010833333333333334,0.010833333333333334,0.010833333333333334,0.03166666666666667,0.03166666666666667,0.03166666666666667,0.023333333333333334,0.03166666666666667,0.03166666666666667,0.019166666666666665,0.019166666666666665,0.010833333333333334,0.010833333333333334,0.010833333333333334,0.010833333333333334,0.010833333333333334,0.010833333333333334,0.010833333333333334,0.03166666666666667,0.03166666666666667,0.03166666666666667,0.03166666666666667,0.03166666666666667,0.019166666666666665,0.010833333333333334,0.010833333333333334,0.010833333333333334,0.010833333333333334,0.010833333333333334,0.010833333333333334,0.010833333333333334,0.010833333333333334,0.010833333333333334,0.010833333333333334,0.010833333333333334,0.010833333333333334,0.010833333333333334,0.010833333333333334,0.010833333333333334,0.010833333333333334,0.010833333333333334,0.010833333333333334,1.7858333333333332,0.01768151815181518
15points,0.0025,0.03583333333333334,0.04,0.03583333333333334,0.0275,0.0275,0.0275,0.0066666666666666645,0.0066666666666666645,0.0066666666666666645,0.0066666666666666645,0.0066666666666666645,0.0066666666666666645,0.0066666666666666645,0.0066666666666666645,0.0066666666666666645,0.0066666666666666645,0.019166666666666665,0.019166666666666665,0.0066666666666666645,0.023333333333333334,0.0066666666666666645,0.0066666666666666645,0.0066666666666666645,0.0066666666666666645,0.0066666666666666645,0.0066666666666666645,0.0066666666666666645,0.0066666666666666645,0.0066666666666666645,0.0066666666666666645,0.0066666666666666645,0.03166666666666667,0.0275,0.0275,0.023333333333333334,0.019166666666666665,0.0066666666666666645,0.0066666666666666645,0.0066666666666666645,0.0066666666666666645,0.0066666666666666645,0.0066666666666666645,0.0066666666666666645,0.0066666666666666645,0.0066666666666666645,0.0066666666666666645,0.0275,0.0275,0.03166666666666667,0.03583333333333334,0.019166666666666665,0.019166666666666665,0.0066666666666666645,0.0066666666666666645,0.0066666666666666645,0.0066666666666666645,0.0066666666666666645,0.0066666666666666645,0.0066666666666666645,0.0066666666666666645,0.0066666666666666645,0.0275,0.0275,0.03583333333333334,0.0275,0.019166666666666665,0.0275,0.0066666666666666645,0.0066666666666666645,0.0066666666666666645,0.0066666666666666645,0.0066666666666666645,0.0066666666666666645,0.0066666666666666645,0.0066666666666666645,0.0066666666666666645,0.0275,0.03166666666666667,0.0275,0.0275,0.0275,0.023333333333333334,0.0066666666666666645,0.0066666666666666645,0.0066666666666666645,0.0066666666666666645,0.0066666666666666645,0.0066666666666666645,0.0066666666666666645,0.0066666666666666645,0.0066666666666666645,0.0066666666666666645,0.0066666666666666645,0.0066666666666666645,0.0066666666666666645,0.0066666666666666645,0.0066666666666666645,0.0066666666666666645,0.0066666666666666645,0.0066666666666666645,1.331666666666666,0.013184818481848179
baseline,0.0,3.238648110480493,11.565023119612459,6.206180701615018,2.170290970036234,1.7013421593358076,2.402533978716026,1.4762880930238258,1.214127978203924,0.7020778928305386,0.49849564383930745,0.5102824678252836,0.410671063983664,0.4122446513519582,0.39297033316826785,0.22067942074690777,1.6136316941703803,1.0230884017853525,0.7923511297979872,0.2820193868870007,0.2671112855856006,0.13275143142646276,0.09487975228380266,0.06254083403211395,0.055307383912177634,0.05331323405885936,0.04755008020663898,0.05709159237291309,0.057696911631963395,0.05122412634952646,0.0444287569887736,7.594234967459087,3.977817005932773,1.927660181981368,0.9872512426449538,0.7581203870976596,0.5037236334362927,0.3512637639040256,0.2756929144767275,0.23626896166990521,0.1776840287296806,0.15873403493905622,0.09471575132140134,0.0664450449920331,0.04260636095785056,0.03650891739695358,17.7887043773576,7.278384673304761,3.9489839014843438,2.5807453920998142,1.9210374856902663,1.2557519083073005,0.920820788376082,0.7545026759084063,0.6341467785600285,0.3667124960776191,0.32349757493164305,0.15551227044505034,0.15841474228481556,0.09592114296265764,0.07123161028305801,26.93899636551237,12.232391925219455,5.789121623395989,4.415538084967801,4.166721215541468,2.6186680557717668,1.6545684044167186,1.0974947235236243,0.9003082003017643,0.7621639970501243,0.4547491470806519,0.4022610985858155,0.1989357556279885,0.21359583852392025,0.12471370912793038,16.47773287707147,6.880097058209576,4.857018703915182,3.454325562809327,2.6770653187070836,1.6575569148167644,1.1503405130512907,0.8583081396907284,0.6459139712708576,0.47824740227712603,0.2588427501562333,0.20151501523703422,0.08278734115870424,0.0880601423135428,0.046465086001575444,0.07015764320064138,0.060795345387587206,0.05058893578270994,0.04864045825594365,0.050012999961753714,0.01507521486735717,0.006280694774085455,0.0029526354778897767,0.0017369811526592325,0.0011768885412327416,195.29186034000824,1.933582775643646
baselinepoints,0.0,3.238648110480493,11.565023119612459,6.206180701615018,2.6060400622837476,2.2953349006204116,2.7533937758300633,2.8720644425433486,1.5388508321044854,0.4049778474002492,0.20818738555154137,0.17425373383606002,0.16727786496350908,0.14831447780054535,0.11306474806678674,0.04500022670038863,1.4932993885444787,1.0183920685905705,0.6997694193341512,0.3941383903869252,0.3140549715780788,0.2420374158996501,0.19197930355075224,0.049469590095879784,0.07817876593722264,0.07347701836466379,0.017415674859755592,0.007011100350045483,0.003515641463719063,0.001968567671792263,0.025436028317220454,7.144748951303528,3.513090206685101,2.26338225306227,1.1278647367050398,1.1764517042496065,0.9404740370041282,0.5238549854219328,0.3173197573854247,0.18798362125630644,0.11682275490860711,0.04645048458316149,0.06940151880177578,0.07775465993570368,0.02900005014287241,0.01430959996618416,18.125287042540535,13.16058279454034,7.075589898067468,3.424603617256418,2.4248820473438606,1.9060632680664993,1.5623356771837584,1.1534391933511379,0.7979615540966596,0.4628965886975452,0.289346899055456,0.24629080438747492,0.2271768812469531,0.04551255079782537,0.08530107500905915,30.65297531891687,14.757035666880881,7.455338830838493,6.122354470969646,4.382962103068445,3.0543355637119762,2.421253602587342,1.8763917279523303,1.3327580444243026,0.8832622739204697,0.5828120985516109,0.39778113727538666,0.26730230139869754,0.17508019261410823,0.11634753754716273,16.293816022382842,6.87117922369627,5.112397094573485,3.482682360623627,1.7602500127331313,0.8903026300163136,0.6028863216831325,0.5917294525475694,0.5097748618363673,0.37593661463460226,0.2732055970597582,0.19844951939610048,0.14408747919643905,0.10404633452910558,0.02938026293608003,0.042622423086478095,0.015137075486831152,0.037390083249177516,0.020799641054882075,0.009425265477062473,0.005145368097057323,0.003595997672898529,0.002843288446560099,0.0023376748926819046,0.001984742527769171,219.34233100590058,2.171706247583174
power1,2.0194839173657902e-28,2.590293578939487,10.198893531496468,5.89626975367528,2.7776466942880274,2.141387898073151,2.1170919788971596,2.3158984516268943,1.3142633489474713,0.4063365391711988,0.23141685990958974,0.2124529015849963,0.19547542351065267,0.16064064481371876,0.1234901163222142,0.09113190303299115,1.5905981047485873,0.6934197068885638,0.532873288339485,0.37090928887071317,0.21827107001253587,0.12529006878391594,0.07938559216965918,0.052070417003747725,0.038005955496634186,0.02681581138932565,0.01767685661664621,0.011655227879792346,0.008218382316571491,0.0062032137229519335,0.0048405230358050605,7.370638824378698,2.3247075295778936,1.8326385399203196,1.135861148507145,0.6108050084792702,0.3669950079466456,0.27538209205437375,0.21509835165981914,0.16114048722892776,0.11534148797563613,0.0799518182404018,0.05189688620183666,0.03338699378048995,0.022217017072454756,0.01524275880592153,17.25966243197025,5.861659831828216,4.028879546760299,2.6729451461931037,1.5714059096261688,0.9803494479818763,0.7486496053139298,0.616780522553096,0.4730113823977921,0.3398265711608081,0.2310554886817022,0.15293755297935757,0.10175061524659211,0.06878356547276644,0.04685587115251393,29.93742256070476,10.264116752874202,7.1693262162259055,4.788883791981874,2.6995691899217844,1.5904708014057267,1.2216104273635409,1.0356985555251146,0.8131609492810106,0.5950257516474678,0.4143511194704944,0.2753139749608025,0.18113880368942173,0.11961476898342153,0.08021502621827119,16.72276866840561,6.245576562853684,4.511812752802295,2.8870422361412915,1.637449226378339,1.0970879103805047,0.9113887850846344,0.7839101948090743,0.6032823947939818,0.43418474627802595,0.296283303041645,0.19664849438051696,0.1314437894288872,0.08831637343062965,0.059089955039977445,0.03868054657036553,0.025652272834846532,0.017972513995773966,0.012997991902728512,0.009361854493698753,0.0067893873249257755,0.005072158910000556,0.003861314587866405,0.002902717584367847,0.002139441153060179,182.23241485557304,1.8042813352036935
power2,2.0194839173657902e-28,5.939258041552003,7.165917071376776,2.357018870748116,1.8504307991594449,0.8530005447296117,0.7076333765412879,0.28181619006800934,0.07841981422789805,0.027169299267346105,0.019905271472816944,0.016071684240329013,0.00901637076901068,0.004695472983871255,0.0024374171539945024,0.0010950260657092434,1.3788205637224393,0.21379168747592006,0.13000008601594612,0.06225153241737466,0.03192787875183396,0.012057828485483006,0.005031143713771212,0.003549109454795496,0.002547799791720214,0.0016494249259517576,0.0010076359025018608,0.000574935339598378,0.00032462023106172186,0.00018667348861123,0.00010813430361407649,5.383648407296244,1.3714473175119863,0.7416796084730954,0.28282817751421574,0.13392684218429685,0.0740745910145369,0.039699487348453064,0.021855237385982197,0.011529268571045094,0.005798398536651808,0.002867269984218972,0.0015270921664356357,0.0008753985541810335,0.0005059819039923524,0.00028571672222997037,12.140145436183438,2.9712841954935825,1.6235950566819082,0.6788721565207024,0.2984137830855614,0.1693244232711425,0.0939190836267378,0.049720828754115466,0.023843221622656143,0.011129290963063788,0.0056368284302509555,0.003231370595840034,0.0019744651502986094,0.0011826891851241183,0.0006794075438600501,20.694597532717477,5.18588387510365,2.6532758538862358,1.1155938147435982,0.5146808618545805,0.2929203249938379,0.1652525494272917,0.08984729872121587,0.044793163665848984,0.0213986653871539,0.010376321830003858,0.005333698588219425,0.0029172278787772854,0.001632607465043705,0.0009016358153820888,11.659421530169395,2.889473997063415,1.5718345763332024,0.635523634328811,0.2881641035677742,0.16185769089677185,0.08513581508461963,0.043750973333486896,0.020715392576835745,0.009867822509474244,0.005231059341501032,0.003076503304072294,0.0019153674725235009,0.0011523224466713185,0.0006506246041954647,0.0003425272118019709,0.0001785688405147191,9.473209117118468e-05,4.860573961870884e-05,2.3637497967648352e-05,1.0917312969586757e-05,4.840486171575508e-06,1.9924429831468873e-06,7.128879882254724e-07,2.0450368084661183e-07,95.4810989207786,0.9453574150572139
power3,2.0194839173657902e-28,7.742427237356339,5.416546317502845,1.2800919257123222,0.7188244417049251,0.2711440642845703,0.08092586070231486,0.025124220266204294,0.010045056450875901,0.0030754820425352865,0.0012424288134228237,0.0005300784983976986,0.00010401861277562227,6.58687564187935e-05,1.7425811834797097e-05,2.07482463405871e-06,1.6092014346127108,0.3388127753239902,0.07691011361957883,0.028699121956444407,0.00934059614464355,0.003169632143713312,0.0013458690808675522,0.0005210639704227855,0.0001849721859909427,6.14886746551607e-05,1.6529458067565304e-05,3.962350244813737e-06,9.639035969251227e-07,1.24741816682208e-07,4.885362694203083e-07,4.2612204773982,0.7334946446142288,0.27884858877845736,0.08006244587971284,0.025802029244398467,0.010299866640348543,0.004395558477735292,0.0018944922302953924,0.0007618698755694754,0.00028252470530930855,0.00010522653005228886,4.0931394330457154e-05,1.4723855684150558e-05,4.4196961829786425e-06,9.475158736455912e-07,7.68438026478568,1.5876627081261998,0.568573757304346,0.18066512593732975,0.06988612344090755,0.0306528325796368,0.012795618061486906,0.005285855392318814,0.0020210563446929446,0.0007787061504178472,0.0003197885236449547,0.00013281243330074034,5.258649434987862e-05,1.88767865490159e-05,5.51797367490647e-06,12.950566456833362,2.539434630015207,0.8733529525961431,0.2790273384040247,0.10485699489888531,0.04397986912386848,0.017958911121026325,0.007377011035030703,0.0029980846400441035,0.001199492372294944,0.00047339379552903003,0.00019901583801392914,8.329626753290228e-05,3.2061574037470766e-05,1.0302814724252085e-05,7.433324956143779,1.4663193417977947,0.5300452323362109,0.16222117860541502,0.06046449097890358,0.024880590214943234,0.009872530246368588,0.003949021926278813,0.0015379497294204301,0.0006192094774720262,0.0002522970146353127,0.00010334068291529824,4.10954801979168e-05,1.480768862072053e-05,4.276287105042745e-06,8.565523875265412e-07,2.5428903567190876e-07,4.609262982063907e-07,8.152684134492413e-07,1.1946973792758364e-06,1.5448752690190008e-06,1.8370800070584552e-06,1.999260327399817e-06,2.0461892822491987e-06,2.066038945684492e-06,59.67410922033147,0.5908327645577373
dqn_15,2.0194839173657902e-28,7.742427237356339,5.416546317502845,1.2800919257123222,0.854449917957733,0.1547952834334579,0.06146639580154957,0.0820867820646274,0.06600655527341158,0.02263539425629886,0.011844321209173274,0.009109250906743508,0.006157929209467403,0.004070539631502098,0.002786951745168499,0.0020249240819281834,1.9150533128194254,1.3553768851412882,1.1421453639846508,0.3897856556642906,0.3846872796649957,0.052140274165638746,0.014946548194793761,0.003786021459254931,0.0026534792456717237,0.018724111875613493,0.009463314815237168,0.007137992382998486,0.00507172514377611,0.003965452880229405,0.0038716189342431653,8.383832158141894,8.835954825309548,6.938193930990154,7.103539911263405,7.457986654749129,6.982845748331927,6.0921783741905,4.848240867377857,3.7033191826837277,1.7633847215322211,0.5116697918547071,0.11182914409366622,0.037483165205143096,0.0376307012167694,0.035680828319392094,22.27080363210028,13.623787768697834,8.222642551832008,7.358972527572911,5.023932668386312,4.9902300244300095,4.039976493199803,2.7361718174783736,0.6515695371989795,0.08502968472853581,0.09816433086542008,0.022793572931781383,0.0007132529685636126,0.025135335003291882,0.008240711750404809,34.538224027066924,18.286716297209843,10.712192527231101,5.402378023950263,1.0654956681802445,0.2824617994547116,0.22722246513124134,0.13910077231547238,0.039102046138812324,0.02897568166765406,0.0007576147947581916,0.0002645885363203498,0.0001693731588265182,0.00010461081071872859,7.772510036152186e-05,19.693837198955574,11.96042640096057,11.182318929018987,10.68745595441985,9.516003904200373,6.379934667578405,4.521644085121834,1.7102059080280876,0.27092654071488015,0.13697601144457777,0.07321482145137335,0.08423502939594343,0.007154206528226866,0.0320901196891522,0.005171727022514099,0.0020457927782882484,0.0013099063705350592,0.0010319783137126162,0.000904473134954748,0.0008373972593615745,0.000796611330007051,0.00076127271842793,0.0007246557676520362,0.0006886998132969904,0.0006525138856954524,300.0218347035688,2.97051321488682
pid,0.0,8.849832238647277,10.190976911715987,9.511421368169389,0.9806269849544549,0.9707855432242639,0.7297249264182365,0.3708142045795972,0.2670306353543712,0.2275553185980567,0.17329257976253254,0.09380249581670581,0.04222579233818661,0.024595094747715603,0.01888587761427667,0.01970238558193972,1.9046276734096865,0.8606222536552869,0.42952360532766437,0.2989285087562797,0.21232870441070298,0.1388159326735607,0.12296733405741603,0.09113210967222769,0.05669366346472124,0.025682772866572216,0.0028428551779880085,0.0008255121238034129,0.0003669955080448254,0.0002494457173083385,0.00019428459381743682,7.672948039668523,4.020424463004021,2.2262028993482015,1.4698058904412437,0.47021649894154716,0.24097597690587236,0.20644927950584216,0.14449465239207404,0.12229490074913528,0.09755407442349152,0.06510126972055488,0.04562271272979736,0.05457423413043175,0.01356158694802983,0.006040215085900823,17.90595938145398,11.655846376738868,5.4755051726096875,6.727348127177354,1.5757289888531938,0.2888146955060942,0.09083125222947958,0.08543223506861897,0.1326656665315552,0.11495598593701531,0.09262365256383093,0.07497129263839329,0.05913442260772165,0.04823916979581796,0.028616060652148792,30.644558490485238,14.238012906612603,2.544020212829958,1.7360605319784395,1.0949179544230472,0.6367209442226908,0.38868502204012856,0.22822113242031974,0.13344314340381327,0.08196358085131755,0.050674865237754455,0.0376519887854971,0.03136599997330169,0.009175107111534443,0.004781867081062742,16.88752730275884,8.719983895935009,2.396800108011,1.7558484160338632,0.7273019765057689,0.3461578350974476,0.20054068908148276,0.1435140830289718,0.09160408247351154,0.07569740500163608,0.05804157265890369,0.04140668545402642,0.04201325205226633,0.0059649347213729656,0.0017002879792537401,0.0011603455267909187,0.0009719619221992907,0.0008628292236702189,0.0007593753287519727,0.0006702075512955549,0.00062562646723031,0.0006154162882854232,0.0006182554923893432,0.0006205881553091205,0.0006187245852882819,181.19189278808778,1.7939791365157207
pid_m,0.0,8.849832238647277,4.793923965270334,1.2349724902950454,0.6569819066592273,0.596152090584464,0.5404128413357777,0.6126534251513035,0.5612798290269173,0.3063074018471584,0.15658387773632937,0.020890899782401558,0.028806917895216968,0.06225417121207122,0.05828651661378522,0.016718165824849734,1.6586446417645782,1.0735720977946508,0.6887659352990115,0.6484943269696273,0.3718215874941328,0.19555087711064958,0.17665422595160937,0.16295779500837332,0.07371460123277791,0.04262271676747911,0.019330059705922997,0.03073417650248381,0.01904976714306638,0.01187978339865024,0.007805413686004713,7.501120847421898,4.432777857234578,1.184633621113308,0.9507427680709433,0.7483879892266798,0.5291265426424501,0.2891053261411955,0.22981168213959702,0.19620088570116048,0.12685388749490134,0.06947700437208391,0.0698606066342486,0.05824338886313554,0.019347984804074785,0.009251851254876278,17.781279572543248,11.812585306699606,2.2705797849515883,0.8420938102879093,0.6263069934402672,0.40725609070728186,0.24530083370469097,0.15450034356147788,0.11479729149355013,0.08766336041966859,0.05802698635993897,0.03463197720511979,0.0367595770006715,0.018156803752643377,0.010277392640484037,31.97163645535999,19.25684409412484,3.1181578059200037,1.5685304300459704,0.7572723575002509,0.3523290762345081,0.22075728950246343,0.15121733630718945,0.13185008361102135,0.11829107298914525,0.10535367214227111,0.0899356825279939,0.05859252833054689,0.03257787834377166,0.0226472009618385,17.652791377666617,8.605833961254103,1.794645478210614,0.8030622258237573,0.2716428892569439,0.16581033244194232,0.09222717871214846,0.07630153410040803,0.07121189590197899,0.06187081706553266,0.04799417327939943,0.020251040205371853,0.01548076575442463,0.028883229544901787,0.011481171124904464,0.005996268972516825,0.0035010436354814428,0.0026966591089869893,0.002217169318279237,0.0018403878796446535,0.001581173839210503,0.0015021365086280612,0.0016832595323992363,0.0020738450724509874,0.0025693829836844467,162.2939554726906,1.6068708462642636
6points,5.048709793414476e-29,5.302741726062032,6.138997198867096,2.1106452082916882,0.4512234900281527,0.6286518776746491,0.33270739698018037,0.30292288390784505,0.20155891128161096,0.18422641397790215,0.13764445539298722,0.10318435246209952,0.06467813345619895,0.042795646913441975,0.035202040060365834,0.024290922459817735,2.2365044231793836,0.3346503130506851,0.07104826198815244,0.08700666096115545,0.055762342275980654,0.039444172417815386,0.02371700010087371,0.013776498065628575,0.006786539917175504,0.00526582185872066,0.003703368537576333,0.0026058340303288974,0.001760046752311135,0.0016357926794703206,0.0013641760811854966,6.569876396175855,1.2592205674032395,0.14805355015950242,0.19566086163372956,0.1947905721514236,0.13837656659136519,0.10382318309738713,0.08493886410773215,0.0628883090167316,0.04513449307397031,0.032288937427460015,0.02461776161049493,0.019967808793457345,0.016160064393277256,0.01156850697200616,14.221009699738568,2.3546953252853635,1.4725254586896046,0.05849948382232536,0.143714245688806,0.22542751742476017,0.15286834976890584,0.09597815834507196,0.05386013620525489,0.03643248436502509,0.03826768338789047,0.031910606439777604,0.023357557105570803,0.015625814848155496,0.009231006135123445,25.408026499349628,3.8483906697260473,2.4736383304015583,1.2390466691586106,0.72412520887495,0.574667271080369,0.346955751585307,0.21062095760156022,0.12901283198328442,0.0852750728078004,0.06355850693409228,0.04909005967234356,0.03884295869692627,0.03001041129895829,0.022238701820346308,15.97287925374628,2.043479083004137,1.2832858579203446,0.012289314426271581,0.4756976441685982,0.5217961542492094,0.2431829550582192,0.13530034379164044,0.06263371376681255,0.052411647516139,0.06192325956249504,0.051139081369251056,0.03428574729112994,0.021216636122700056,0.01075945686182118,0.003967375674017352,0.0019264965719228862,0.0012817170032120193,0.7874852994204957,0.4467926099536245,0.42725886613590164,0.048474307242326244,0.008506512500028972,0.0029861119393182773,0.005783096187290697,104.7475143220453,1.0371041021984684
9points,0.4903357031687691,7.227946996135358,4.409383684994628,2.806716792591226,1.1089895794275204,0.5553529439991078,0.1861438719675692,0.07417958231962551,0.045302659613043327,0.02839631828423136,0.015933865471796586,0.011342736109204105,0.00940186017284911,0.008918465483859031,0.006946031272074558,0.004774084986305226,2.026303576285153,0.4634505425535768,0.1388889927447697,0.10930910932090283,0.04369564072526457,0.01874904996682673,0.018263315401631078,0.01366441826667936,0.009501354467337702,0.008794360579234611,0.008138332578332587,0.007005841073198619,0.005171118184281815,0.0033732475881881824,0.002012971143231264,8.432418465124703,2.2821466670720834,0.8758235173969303,0.31473931546018463,0.09171765368093979,0.04718502029303914,0.02503198940601336,0.017806103656039227,0.016909003526788757,0.016348859539141072,0.01673899754037026,0.015256759523606405,0.011212501469437646,0.008105458984012512,0.00546650170676328,16.764508824529717,4.260670666097703,1.1478285042241412,1.04971117600768,0.5089326406841449,0.2617316520226482,0.08518469205767366,0.0638594310155419,0.038872668130680646,0.014755408355490822,0.017338448341073454,0.014764141796007558,0.012082533877435504,0.008854766956325123,0.006205964691439891,28.449951915262513,7.519549957020838,2.9908700915334077,1.9396341804923511,0.8815338925567888,0.256354238512069,0.08493354769772621,0.06643256930706729,0.06009582342591042,0.031240335773044095,0.029715991167253677,0.02920929618998231,0.024451589377138205,0.018031030723264292,0.012715891047420297,17.434034620032403,3.9808891879465813,1.592978018783886,0.9652241977115321,0.32258139307895184,0.07582059473373182,0.04306125268026665,0.030376063014087636,0.025604252504356887,0.024405244662749275,0.023828426359632844,0.023125406763972026,0.019437198296864574,0.01430995358242148,0.011791695383751305,0.010027850942468646,0.008155531325658733,0.0060919332472852365,0.0043317832539457,0.0029646479833502874,0.0019051249269015007,0.0011667788155345833,0.0007215587826018712,0.00048245308343776373,0.0003385721058765852,123.31696947013256,1.2209600937636886
15points,2.0194839173657902e-28,7.329722630215506,5.583324767891262,1.3452395723799073,0.73107316951349,0.5668579070934354,0.25656543894431444,0.15327146060498947,0.0886594836270483,0.11005405399715201,0.11140236622550913,0.09260773170710584,0.07605749463512393,0.05743408748064768,0.039959221119003165,0.02801969069244915,1.622769920248282,0.5742075660424969,0.33001245065995616,0.2129694493862346,0.20136898644974133,0.15797809973075386,0.11860178716065745,0.09774175660949175,0.10340594440935759,0.099154356081077,0.09237024786982345,0.07940653588188677,0.06714604616982639,0.05646432752778013,0.04810942988835722,6.993254674568252,3.023767467301845,0.42553749507000266,0.2838056908526779,0.08478980197902293,0.10314698839260653,0.0719514299070323,0.09577606101756767,0.08648496758965182,0.0915335187555176,0.07257706316288723,0.05611233063085623,0.04766006429097847,0.04070653984397145,0.0369355567047246,14.98156629611785,5.6521436491318475,2.0018067477925743,0.7505481804801608,0.49625744227808277,0.22728023534675984,0.17464482919508736,0.12141052914366847,0.13467620530860774,0.12188828763540575,0.10729533636989488,0.09580517228985806,0.0854398791810537,0.0769018628513239,0.06543644204599608,29.733783896592062,10.565498436756506,2.960003228376598,1.226701783886163,0.3409275684975385,0.47736116027491177,0.3674853875585893,0.22181569899259282,0.23271791253704693,0.24518303509743006,0.17459168491088614,0.1253399352891847,0.07783957644349812,0.07505049035715028,0.07460337019972525,16.45958653308322,6.330834724930932,1.6221547210069214,0.5003333315245209,0.35219301937523145,0.31877305147667917,0.13907057726697356,0.07995051984384992,0.07651406425504874,0.05786784107540046,0.033176941363560454,0.03578177436526134,0.04392856559276268,0.04351133721074722,0.039339193001871005,0.03661851355246222,0.03384528277126437,0.031210576531114288,0.028327763202083023,0.02573633764501913,0.022337460607615867,0.018284488944629015,0.01438183105143962,0.011636003285823055,0.009895545476676584,130.3032898896894,1.2901315830662319
